{"w_aggregate": -2.6553512e-1, "w_holes": -5e0, "w_bumpiness": -1.5318513e0}
