{"w_aggregate": -3.7894173e0, "w_holes": -1.381902e1, "w_bumpiness": -2.668375e0, "w_wells": -5.5145397e0, "w_row_transitions": -6.4473286e0, "w_col_transitions": -1.464009e1} 